objective-value	target-start	target-end	target-length	left-primer-start	left-primer-num-primers	left-primer-frac-bound	left-primer-target-sequences	right-primer-start	right-primer-num-primers	right-primer-frac-bound	right-primer-target-sequences	num-guides	total-frac-bound-by-guides	guide-set-expected-activity	guide-set-median-activity	guide-set-5th-pctile-activity	guide-expected-activities	guide-target-sequences	guide-target-sequence-positions
4.852506918329567	2236	2362	126	2236	1	0.9086263901412684	GGCCATGGTGTCTAGGGCCCGGATTGATGC	2332	1	0.9303877366997295	CACCATTGAAGAACTCAGACGGCAAAAATA	1	0.9999398857829876	3.3636054481691806	3.4304686784744263	2.9277567863464355	3.3636054481691806	CGTTCTCTGAGATCATGAAGATCTGTTC	{2304}
4.419961684793657	1312	1403	91	1312	1	0.9288247670574091	GATGGGCATGTTCAACATGCTAAGTACAGT	1373	2	0.90892696122633	AAGAAATACACCAAGACAACATACTGGTGG AAGAGGTACACCAAAACAACATACTGGTGG	1	0.9857529305680793	3.1585107623903754	3.4262226819992065	1.8848176002502441	3.1585107623903754	CTAGGAGTCTCGATACTGAATCTTGGAC	{1343}
4.132651054652013	160	343	183	160	1	0.9650135256988278	TGGAGATCCTCCATACAGCCATGGAACAGG	313	2	0.907243763149985	TAATGAACCAAGTGGATATGCACAAACAGA TAATGAGCCAAGCGGATATGCACAAACAGA	1	0.999819657348963	3.3682796809868227	3.5154266357421875	3.024261474609375	3.3682796809868227	CATGGACACAGTCAACAGAACACATCAA	{202}
3.5520834410520035	912	1008	96	912	2	0.9147580402765254	ATGAAAAGAAAGCCAAATTGGCAAACGTTG ATGAAAAGAAGGCCAAACTGGCAAATGTTG	978	3	0.905019537120529	TTTCCTTCACAATTACTGGGGACAATACTA TTTCCTTTACAATTACTGGAGACAACACCA TTTCTTTCACAATCACTGGGGACAACACTA	1	0.999458972046889	3.3445646914125815	3.504553735256195	2.890528917312622	3.3445646914125815	TGAGAAAAATGATGACTAATTCACAAGA	{942}
3.4785095695838275	501	690	189	501	2	0.9080252479711451	CAGCAACTGCATTAGCCAACACCATAGAAG CTGCAACTGCTTTGGCCAACACTATAGAGG	660	2	0.9127742711151188	GAGACAACATGACCAAGAAGATGGTCACGC GGGACAACATGACCAAGAAAATGGTCACAC	1	0.992545837090472	3.231316383439641	3.4492931962013245	2.282035231590271	3.231316383439641	CAATGAATCAGGAAGGCTAATAGATTTC	{556}
3.4422871944720663	1504	1680	176	1504	2	0.9097084460474902	AGTGGGAATCAACATGAGCAAAAAGAAGTC GGTCGGAATCAACATGAGCAAAAAGAAGTC	1650	2	0.9209498046287947	CTGACATGAGCATTGGAGTAACAGTGATAA CTGATATGAGTATTGGGGTAACAGTGATAA	1	0.9880372708145476	3.156782443253959	3.484494924545288	1.7354443073272705	3.156782443253959	TATATAAATAAAACAGGGACATTTGAAT	{1535}
