objective-value	target-start	target-end	target-length	left-primer-start	left-primer-num-primers	left-primer-frac-bound	left-primer-target-sequences	right-primer-start	right-primer-num-primers	right-primer-frac-bound	right-primer-target-sequences	num-guides	total-frac-bound-by-guides	guide-set-expected-activity	guide-set-median-activity	guide-set-5th-pctile-activity	guide-expected-activities	guide-target-sequences	guide-target-sequence-positions
5.125662429836813	24486	24575	89	24486	1	0.9983012457531144	GCGCTAGTTATCAGACTCAGACTAATTCTC	24545	1	1.0	TCCATCATTGCCTACACTATGTCACTTGGT	1	1.0	3.3401576786187066	3.340441584587097	3.340441584587097	3.3401576786187066	CTCGGCGGGCACGTAGTGTAGCTAGTCA	{24516}
4.96701739024993	3472	3588	116	3472	1	1.0	AGAAGAGCAAGAAGAAGATTGGTTAGATGA	3558	1	1.0	CTATTCAAACAATTGTTGAGGTTCAACCTC	1	1.0	3.4188561207643318	3.4190722703933716	3.4190722703933716	3.4188561207643318	TGTTGGTCAACAAGACGGCAGTGAGGAC	{3517}
4.784673495426759	23844	23972	128	23844	1	0.9903737259343148	GGAAGTCTAATCTCAAACCTTTTGAGAGAG	23942	1	0.9903737259343148	TTTCCTTTACAATCATATGGTTTCCAACCC	1	0.9937712344280861	3.306539205739344	3.330733895301819	3.330733895301819	3.306539205739344	TTCAACTGAAATCTATCAGGCCGGTAGC	{23878}
4.679630862807481	10247	10381	134	10247	1	1.0	GCGCTGTGCACCTTTTTGTTAAATAAAGAA	10351	1	1.0	GTACAAGTATTTTAGTGGAGCAATGGATAC	1	1.0	3.2319942042147183	3.231942892074585	3.231942892074585	3.2319942042147183	ATTTAAAGTTGCGTAGTGATGTGCTATT	{10281}
4.669298207673972	3588	3710	122	3588	1	1.0	AATTAGAGATGGAACTTACACCAGTTGTTC	3680	1	1.0	AATGCAGACATTGTGGAAGAAGCTAAAAAG	1	1.0	3.157847285270691	3.157847285270691	3.157847285270691	3.157847285270691	AGACTATTGAAGTGAATAGTTTTAGTGG	{3618}
4.038380010116088	23005	23170	165	23005	1	0.9966024915062288	GGACCTTGAAGGAAAACAGGGTAATTTCAA	23140	1	1.0	TTTAGAACCATTGGTAGATTTGCCAATAGG	1	0.9988674971687429	2.7169413895326184	2.7204092741012573	2.7204092741012573	2.7169413895326184	GTGCGTGATCTCCCTCAGGGTTTTTGGG	{23111}
3.7882234827806425	22658	22746	88	22658	1	0.9983012457531144	GTTACTTGGTTCCATGCTATACATGTCTCT	22716	1	1.0	ACCCTGTCCTACCATTTAATGATGGTGTTT	1	1.0	1.9900622132950434	1.9897196292877197	1.9897196292877197	1.9900622132950434	TGGTTCCATGGTACTAAGAGGTTTGATA	{22688}
