objective-value	target-start	target-end	target-length	left-primer-start	left-primer-num-primers	left-primer-frac-bound	left-primer-target-sequences	right-primer-start	right-primer-num-primers	right-primer-frac-bound	right-primer-target-sequences	num-guides	total-frac-bound-by-guides	guide-set-expected-activity	guide-set-median-activity	guide-set-5th-pctile-activity	guide-expected-activities	guide-target-sequences	guide-target-sequence-positions
4.876344679103001	22480	22569	89	22480	1	0.9929577464788732	AAAGGAATTTACCAGACCTCTAATTTCAGG	22539	1	0.9929577464788732	CCCTAATATTACAAACTTGTGTCCTTTTGG	1	0.9929577464788732	3.090839927884894	3.1241719126701355	3.1241719126701355	3.090839927884894	GTTGTTCCCTCAGGAGATGTTGTGAGAT	{22510}
4.6168579382202815	21659	21823	164	21659	1	1.0	ATGATGTTCAAGCTCCTAATTACACTCAAC	21793	1	0.9823943661971831	GGGTTTCATACTATTAATCATACGTTTGGC	1	1.0	3.291967867755554	3.292048215866089	3.292048215866089	3.291967867755554	TACTTCATCTATGAGGGGGGTTTACTAT	{21690}
4.271030464171464	22021	22189	168	22021	1	1.0	ATGGGTACACAGACACATACTATGATATTC	22159	1	1.0	AAAGATGGGTTTCTCTATGTTTATAAGGGC	1	1.0	2.959752339712331	2.9621814489364624	2.9621814489364624	2.959752339712331	TGCCTTTTCGCTTGATGTTTCAGAAAAG	{22089}
3.8800508400882494	23376	23465	89	23376	1	0.9964788732394366	GCTGTTCTATATCAAGATGTTAACTGCACT	23435	1	1.0	ACTCACACCAGCTTGGCGCATATATTCTAC	1	0.9823943661971831	2.0945460888701426	2.0600908994674683	2.0600908994674683	2.0945460888701426	GATGTTTCTACATTAATTCATGCAGAAC	{23406}
3.115241889800568	18965	19056	91	18965	1	1.0	GTTAATTCTGCTTGCAGAAAAGTACAACAC	19026	1	0.9964788732394366	AGTTTCCAGTTCTTCATGACATTGGAAATC	1	0.4295774647887324	1.3537909673972868	0.0	0.0	1.3537909673972868	TGGTTGTGAAGTCTGCCCTCCTGGCTGG	{18996}
