objective-value	target-start	target-end	target-length	left-primer-start	left-primer-num-primers	left-primer-frac-bound	left-primer-target-sequences	right-primer-start	right-primer-num-primers	right-primer-frac-bound	right-primer-target-sequences	num-guides	total-frac-bound-by-guides	guide-set-expected-activity	guide-set-median-activity	guide-set-5th-pctile-activity	guide-expected-activities	guide-target-sequences	guide-target-sequence-positions
5.219775427863234	640	732	92	640	1	0.9944626743232158	AAAAGCATGGCTGCATGTTTGTATAACGGG	702	1	0.9967186218211649	ACAATGGGAGGCTTGTAGATAGTGTTGTTT	1	0.999487284659557	3.469775427863234	3.5033599734306335	3.4316465258598328	3.469775427863234	ATGATAAAAATGCAACTGCTAGCTTCAT	{672}
5.145686022498719	1138	1228	90	1138	1	0.993642329778507	CTGGGCCTTTGATGATGGAAATGACGTGTG	1198	1	0.9913863822805579	CTTAGGGTATGAAACCTTCAAAGTCGTTGA	1	0.9975389663658737	3.3724086714008483	3.40040123462677	3.1995729804039	3.3724086714008483	TGGGGAGAACAATCAACGAGACGTCACG	{1170}
5.131640989345615	399	491	92	399	1	0.9962059064807219	CCGCTGGTGGGGACATCTGGGTGACAAGAG	461	1	0.9971287940935193	TATCAATTTGCCCTTGGACAGGGAACAACA	1	0.9993847415914684	3.381640989345615	3.535274386405945	3.1286376118659973	3.381640989345615	TTATGTGTCATGCGATCCTGACAAGTGT	{433}
5.117409412005694	833	923	90	833	1	0.9864643150123051	GATACTAAAATACTATTCATTGAGGAGGGG	893	1	0.9820549630844955	AGTGCTCAGCATGTCGAAGAGTGCTCTTGC	1	0.9987694831829368	3.344132060907824	3.39169979095459	3.0744253993034363	3.344132060907824	AAATCGTTCATACTAGCAAATTGTCAGG	{864}
4.9424184530180995	936	1039	103	936	1	0.994667760459393	CTGGTGTCAGATGTGTCTGCAGAGACAACT	1009	1	0.9800041017227236	GGATCATAGCATTGTTTCCAGTTATGTGTG	1	0.9963084495488105	3.298984641693624	3.2466015219688416	3.033032178878784	3.298984641693624	AAAGGATCCAACCGGCCCATCGTAGATA	{968}
4.930649206676914	1336	1425	89	1336	1	0.9870795734208367	AGGCAAAAGCTGCATCAATCGGTGCTTTTA	1395	1	0.9924118129614438	AAACTGAAGTCTTGTGGACCTCAAACAGTA	1	0.9993847415914684	3.145144455458807	3.1629157066345215	3.0919167399406433	3.145144455458807	GTGGAGTTGATTAGGGGAAGAAAAGAGG	{1367}
