cost	target-start	target-end	target-length	left-primer-start	left-primer-num-primers	left-primer-frac-bound	left-primer-target-sequences	right-primer-start	right-primer-num-primers	right-primer-frac-bound	right-primer-target-sequences	num-guides	total-frac-bound-by-guides	guide-target-sequences	guide-target-sequence-positions
2.5126942636811997	1110	1198	88	1110	1	0.955177743431221	GCTGCGCTTATGGTGAATGGCCCAATTACT	1168	1	0.9876352395672334	TAAACCTACACAACCAGAAACTGCTACAGA	1	0.9938176197836167	TACCAGACCATGAAGCAGTAGCCATTGA	{1140}
2.5126942636811997	1280	1368	88	1280	1	0.9938176197836167	ATAGGCATGTTTGGACAGAATGTACAGCAT	1338	1	0.9891808346213292	TTCATGTGCAGTGTAATGCCACAAAATTCC	1	0.9119010819165378	CACTACCTATATAGATCTGGTTTCTTGA	{1310}
2.5126942636811997	1555	1643	88	1555	1	0.990726429675425	GAGAACCAACAATTCAGCAACAATTGTTCT	1613	1	0.973724884080371	TTCCCACTTAGACATAATCAGTGGACGCTA	1	0.9860896445131375	TCCCTGGATGAATGCTGCTCCAATGGAC	{1585}
2.5126942636811997	1718	1806	88	1718	1	0.9938176197836167	GCTCCAATGTGTTGTGAGTTTAATGGACTC	1776	1	0.9629057187017002	CATACCTTTTACCAGGCTCGGGACAATTCC	1	0.8778979907264297	AGACACGCCATTACTCAAGGTGTCCCAA	{1748}
2.5126942636811997	2013	2101	88	2013	1	0.9567233384853169	ACATTCCACTGGACATACAGTTGGATGGGC	2071	1	0.9922720247295209	ATCTAGATATTACACTCATTGGTCTGGATC	1	0.9211746522411128	CACTTAGAAACACTTTAGTAGGAAACAT	{2043}
2.5126942636811997	2323	2411	88	2323	1	0.9598145285935085	TGCCAACGTTGGCTATGTCACTTGTTTTAT	2381	1	0.9659969088098919	TCCTCTGACACATGTTCCTTGATAGGGTTC	1	0.8763523956723338	GCAGACCAATCTGATAGTCCCCAGTGAA	{2353}
2.5126942636811997	2377	2465	88	2377	1	0.9536321483771252	TGAATCCTCTGACACATGTTCCTTGATAGG	2435	1	0.973724884080371	CTCAGATTAATGAGAGACAGCCCTGACATT	1	0.9860896445131375	GTTCATAGCAGCAAAAGATGATTTCTCC	{2407}
